title,slug,featured_image_url,reading_time,category_id,tags,status,seo_title,seo_keywords,seo_description,excerpt,article_content
Best Weight Loss Supplements for Healthy Metabolism,best-weight-loss-supplements-healthy-metabolism,https://auzapxutkteykldxhyyq.supabase.co/storage/v1/object/public/category-images/categories/62456d36-b074-4f3b-8277-456274cd5c79-hero-supplements.webp,11 min,f86b66ac-1ba8-49d2-b121-ede3819f1a1e,weight loss; metabolism; fat burning; wellness; supplement guide,published,Best Weight Loss Supplements for Healthy Metabolism,best weight loss supplements; metabolism support; fat burning supplements; healthy weight management,"Explore the best weight loss supplements for healthy metabolism support, appetite balance, energy, and sustainable wellness routines.","A complete guide to choosing weight loss supplements that support metabolism, energy, appetite control, and long-term healthy habits.","## Introduction
Weight loss supplements are most useful when they support a thoughtful routine rather than replacing one. A well chosen product can make a wellness plan feel easier to follow by supporting energy, fullness, digestion, or metabolism, but it still works best beside food quality, movement, sleep, hydration, and realistic planning. This guide focuses on healthy metabolism support and explains how to think about formulas in a calm, practical way. The goal is not to promise dramatic overnight change. The goal is to help you compare products, understand labels, and build a routine that is easier to repeat.

## Why this topic matters
Many shoppers begin with a single goal, but weight management is rarely controlled by one factor. Appetite, stress, meal timing, protein intake, daily steps, workout recovery, sleep quality, digestion, and caffeine tolerance all influence progress. That is why choosing supplements that fit a realistic routine instead of chasing quick fixes. A premium supplement should make the larger plan simpler, not more confusing. If a label hides key details, leans on unrealistic language, or encourages extreme behavior, it is usually worth slowing down before purchasing.

## Ingredients to understand
Common formulas in this category may include green tea extract, caffeine from natural sources, chromium, fiber blends, L-carnitine, and plant extracts. These ingredients appear in different strengths and combinations, so the label matters. Look for clear serving sizes, transparent blends, and usage directions that match your lifestyle. Natural does not automatically mean gentle for every person. Caffeine, herbs, minerals, and fiber can affect people differently depending on medication use, digestive sensitivity, sleep habits, and total daily intake from food or drinks.

## What a good formula can support
A strong weight management formula usually has a narrow and believable purpose. Some products are built for energy and thermogenic support. Others focus on appetite control, digestive regularity, nutrient support, or workout consistency. The best choice depends on the problem you are trying to solve. If the hardest part of your routine is evening cravings, a high-stimulant product may not be the answer. If low energy keeps you from training, an appetite-only product may feel incomplete.

## Daily routine checklist
Supplements work best when the daily routine is clear. For this topic, a smart baseline includes pairing supplements with protein-rich meals, daily walking, hydration, sleep, and consistent meal timing. These habits are simple, but they create the environment where supplement support can actually be noticed. A product cannot compensate for skipped meals, poor sleep, or inconsistent movement forever. Start with one or two habits that are easy to repeat, then add the supplement as a structured support tool.

## How to read the label
Read the supplement facts panel before the sales page. Check serving size, caffeine amount, ingredient form, suggested timing, warnings, and whether the brand explains why each ingredient is included. Be careful with proprietary blends that hide individual amounts. Also compare the product to your current routine. If you already drink several coffees each day, a stimulant-heavy formula may push you past your comfort zone. If you eat very little fiber, a fiber-based product may need a slow introduction.

## Who should be cautious
People who are pregnant, nursing, under medical care, taking prescription medication, sensitive to stimulants, or managing a health condition should speak with a qualified professional before using weight loss supplements. This is especially important with products that contain caffeine, concentrated herbs, minerals, or ingredients that may affect digestion. Responsible supplementation means paying attention to your body and stopping use if a product causes discomfort, sleep disruption, unusual symptoms, or persistent digestive issues.

## Buying criteria
A premium product should be easy to evaluate. Look for a clean product page, clear ingredient information, realistic claims, manufacturing quality signals, contact details, refund information, and a brand that explains intended use. Reviews can be helpful, but they should not replace label review. Avoid judging a product only by before-and-after claims. Better buying decisions come from matching the formula to your actual routine, your tolerance, and the specific barrier you want help with.

## Expected timeline
Weight management is best measured over weeks and months, not a few days. Some users notice energy or appetite changes quickly, while body composition and weight changes usually require consistent behavior over time. Track simple markers like meal consistency, daily steps, workout completion, sleep quality, cravings, and waist measurements instead of focusing only on the scale. If a product helps you stay consistent, it may be useful even when progress is gradual.

## Practical example
A realistic plan might look like this: take the supplement according to the label, eat a protein-forward breakfast, walk for ten minutes after lunch, drink water before snacks, and keep caffeine earlier in the day. This plan is not dramatic, but it is repeatable. Repeatability is where many wellness plans become powerful. Small actions that happen daily often create better outcomes than intense plans that last only one week.

## Key takeaway
The best supplement is the one that fits your goals, your schedule, and your tolerance. For healthy metabolism support, choose transparent formulas, avoid exaggerated promises, and build a routine around food, movement, sleep, and hydration. Supplements can be valuable tools, but they are still tools. Use them with patience, compare products carefully, and prioritize choices that support long-term wellness rather than short-term pressure.

## Final thoughts
When comparing products for healthy metabolism support, keep the decision grounded in your real daily life. A supplement should make the next healthy action easier, whether that means preparing a better breakfast, moving more consistently, managing cravings, or feeling more prepared for workouts. The strongest approach is steady and repeatable: choose a formula with transparent ingredients, use it as directed, monitor how you feel, and keep improving the habits around it. If a product does not fit your schedule, budget, tolerance, or goals, it is not the right product for you, even if it looks popular online. Important note: This article is for educational purposes only and is not medical advice. Dietary supplements are not intended to diagnose, treat, cure, or prevent disease. Results vary from person to person, and a healthcare professional can help you decide whether a product is appropriate for your personal situation."
Natural Fat Burning Ingredients Explained,natural-fat-burning-ingredients-explained,https://auzapxutkteykldxhyyq.supabase.co/storage/v1/object/public/category-images/categories/62456d36-b074-4f3b-8277-456274cd5c79-hero-supplements.webp,10 min,f86b66ac-1ba8-49d2-b121-ede3819f1a1e,fat burner; natural ingredients; metabolism; weight management; wellness,published,Natural Fat Burning Ingredients Explained for Weight Loss,natural fat burning ingredients; fat burner supplements; thermogenic support; metabolism ingredients,"Learn how common natural fat burning ingredients may support metabolism, energy, appetite control, and healthier weight management plans.","Understand the most common natural fat burning ingredients, what they are used for, and how to evaluate them before buying a supplement.","## Introduction
Weight loss supplements are most useful when they support a thoughtful routine rather than replacing one. A well chosen product can make a wellness plan feel easier to follow by supporting energy, fullness, digestion, or metabolism, but it still works best beside food quality, movement, sleep, hydration, and realistic planning. This guide focuses on natural fat burning ingredient education and explains how to think about formulas in a calm, practical way. The goal is not to promise dramatic overnight change. The goal is to help you compare products, understand labels, and build a routine that is easier to repeat.

## Why this topic matters
Many shoppers begin with a single goal, but weight management is rarely controlled by one factor. Appetite, stress, meal timing, protein intake, daily steps, workout recovery, sleep quality, digestion, and caffeine tolerance all influence progress. That is why separating useful ingredient support from exaggerated marketing claims. A premium supplement should make the larger plan simpler, not more confusing. If a label hides key details, leans on unrealistic language, or encourages extreme behavior, it is usually worth slowing down before purchasing.

## Ingredients to understand
Common formulas in this category may include green tea catechins, coffee bean extract, capsaicin, black pepper extract, apple cider vinegar, and soluble fiber. These ingredients appear in different strengths and combinations, so the label matters. Look for clear serving sizes, transparent blends, and usage directions that match your lifestyle. Natural does not automatically mean gentle for every person. Caffeine, herbs, minerals, and fiber can affect people differently depending on medication use, digestive sensitivity, sleep habits, and total daily intake from food or drinks.

## What a good formula can support
A strong weight management formula usually has a narrow and believable purpose. Some products are built for energy and thermogenic support. Others focus on appetite control, digestive regularity, nutrient support, or workout consistency. The best choice depends on the problem you are trying to solve. If the hardest part of your routine is evening cravings, a high-stimulant product may not be the answer. If low energy keeps you from training, an appetite-only product may feel incomplete.

## Daily routine checklist
Supplements work best when the daily routine is clear. For this topic, a smart baseline includes building meals around whole foods, using caffeine carefully, tracking tolerance, and maintaining a steady exercise rhythm. These habits are simple, but they create the environment where supplement support can actually be noticed. A product cannot compensate for skipped meals, poor sleep, or inconsistent movement forever. Start with one or two habits that are easy to repeat, then add the supplement as a structured support tool.

## How to read the label
Read the supplement facts panel before the sales page. Check serving size, caffeine amount, ingredient form, suggested timing, warnings, and whether the brand explains why each ingredient is included. Be careful with proprietary blends that hide individual amounts. Also compare the product to your current routine. If you already drink several coffees each day, a stimulant-heavy formula may push you past your comfort zone. If you eat very little fiber, a fiber-based product may need a slow introduction.

## Who should be cautious
People who are pregnant, nursing, under medical care, taking prescription medication, sensitive to stimulants, or managing a health condition should speak with a qualified professional before using weight loss supplements. This is especially important with products that contain caffeine, concentrated herbs, minerals, or ingredients that may affect digestion. Responsible supplementation means paying attention to your body and stopping use if a product causes discomfort, sleep disruption, unusual symptoms, or persistent digestive issues.

## Buying criteria
A premium product should be easy to evaluate. Look for a clean product page, clear ingredient information, realistic claims, manufacturing quality signals, contact details, refund information, and a brand that explains intended use. Reviews can be helpful, but they should not replace label review. Avoid judging a product only by before-and-after claims. Better buying decisions come from matching the formula to your actual routine, your tolerance, and the specific barrier you want help with.

## Expected timeline
Weight management is best measured over weeks and months, not a few days. Some users notice energy or appetite changes quickly, while body composition and weight changes usually require consistent behavior over time. Track simple markers like meal consistency, daily steps, workout completion, sleep quality, cravings, and waist measurements instead of focusing only on the scale. If a product helps you stay consistent, it may be useful even when progress is gradual.

## Practical example
A realistic plan might look like this: take the supplement according to the label, eat a protein-forward breakfast, walk for ten minutes after lunch, drink water before snacks, and keep caffeine earlier in the day. This plan is not dramatic, but it is repeatable. Repeatability is where many wellness plans become powerful. Small actions that happen daily often create better outcomes than intense plans that last only one week.

## Key takeaway
The best supplement is the one that fits your goals, your schedule, and your tolerance. For natural fat burning ingredient education, choose transparent formulas, avoid exaggerated promises, and build a routine around food, movement, sleep, and hydration. Supplements can be valuable tools, but they are still tools. Use them with patience, compare products carefully, and prioritize choices that support long-term wellness rather than short-term pressure.

## Final thoughts
When comparing products for natural fat burning ingredient education, keep the decision grounded in your real daily life. A supplement should make the next healthy action easier, whether that means preparing a better breakfast, moving more consistently, managing cravings, or feeling more prepared for workouts. The strongest approach is steady and repeatable: choose a formula with transparent ingredients, use it as directed, monitor how you feel, and keep improving the habits around it. If a product does not fit your schedule, budget, tolerance, or goals, it is not the right product for you, even if it looks popular online. Important note: This article is for educational purposes only and is not medical advice. Dietary supplements are not intended to diagnose, treat, cure, or prevent disease. Results vary from person to person, and a healthcare professional can help you decide whether a product is appropriate for your personal situation."
How to Choose a Weight Loss Supplement Safely,choose-weight-loss-supplement-safely,https://auzapxutkteykldxhyyq.supabase.co/storage/v1/object/public/category-images/categories/62456d36-b074-4f3b-8277-456274cd5c79-hero-supplements.webp,12 min,f86b66ac-1ba8-49d2-b121-ede3819f1a1e,supplement safety; weight loss; buying guide; ingredients; wellness,published,How to Choose a Weight Loss Supplement Safely,safe weight loss supplements; weight loss supplement buying guide; supplement safety; ingredient checklist,"Use this safety-focused guide to compare weight loss supplements, read labels, check ingredients, and choose products more confidently.","A practical safety checklist for comparing weight loss supplements, avoiding weak formulas, and choosing products that match your goals.","## Introduction
Weight loss supplements are most useful when they support a thoughtful routine rather than replacing one. A well chosen product can make a wellness plan feel easier to follow by supporting energy, fullness, digestion, or metabolism, but it still works best beside food quality, movement, sleep, hydration, and realistic planning. This guide focuses on safe supplement selection and explains how to think about formulas in a calm, practical way. The goal is not to promise dramatic overnight change. The goal is to help you compare products, understand labels, and build a routine that is easier to repeat.

## Why this topic matters
Many shoppers begin with a single goal, but weight management is rarely controlled by one factor. Appetite, stress, meal timing, protein intake, daily steps, workout recovery, sleep quality, digestion, and caffeine tolerance all influence progress. That is why using label transparency, dosage awareness, and realistic expectations before purchasing. A premium supplement should make the larger plan simpler, not more confusing. If a label hides key details, leans on unrealistic language, or encourages extreme behavior, it is usually worth slowing down before purchasing.

## Ingredients to understand
Common formulas in this category may include clinically familiar nutrients, transparent plant extracts, fiber, caffeine amounts, minerals, and clearly listed blends. These ingredients appear in different strengths and combinations, so the label matters. Look for clear serving sizes, transparent blends, and usage directions that match your lifestyle. Natural does not automatically mean gentle for every person. Caffeine, herbs, minerals, and fiber can affect people differently depending on medication use, digestive sensitivity, sleep habits, and total daily intake from food or drinks.

## What a good formula can support
A strong weight management formula usually has a narrow and believable purpose. Some products are built for energy and thermogenic support. Others focus on appetite control, digestive regularity, nutrient support, or workout consistency. The best choice depends on the problem you are trying to solve. If the hardest part of your routine is evening cravings, a high-stimulant product may not be the answer. If low energy keeps you from training, an appetite-only product may feel incomplete.

## Daily routine checklist
Supplements work best when the daily routine is clear. For this topic, a smart baseline includes checking labels, speaking with a qualified professional when needed, starting slowly, and monitoring sleep and digestion. These habits are simple, but they create the environment where supplement support can actually be noticed. A product cannot compensate for skipped meals, poor sleep, or inconsistent movement forever. Start with one or two habits that are easy to repeat, then add the supplement as a structured support tool.

## How to read the label
Read the supplement facts panel before the sales page. Check serving size, caffeine amount, ingredient form, suggested timing, warnings, and whether the brand explains why each ingredient is included. Be careful with proprietary blends that hide individual amounts. Also compare the product to your current routine. If you already drink several coffees each day, a stimulant-heavy formula may push you past your comfort zone. If you eat very little fiber, a fiber-based product may need a slow introduction.

## Who should be cautious
People who are pregnant, nursing, under medical care, taking prescription medication, sensitive to stimulants, or managing a health condition should speak with a qualified professional before using weight loss supplements. This is especially important with products that contain caffeine, concentrated herbs, minerals, or ingredients that may affect digestion. Responsible supplementation means paying attention to your body and stopping use if a product causes discomfort, sleep disruption, unusual symptoms, or persistent digestive issues.

## Buying criteria
A premium product should be easy to evaluate. Look for a clean product page, clear ingredient information, realistic claims, manufacturing quality signals, contact details, refund information, and a brand that explains intended use. Reviews can be helpful, but they should not replace label review. Avoid judging a product only by before-and-after claims. Better buying decisions come from matching the formula to your actual routine, your tolerance, and the specific barrier you want help with.

## Expected timeline
Weight management is best measured over weeks and months, not a few days. Some users notice energy or appetite changes quickly, while body composition and weight changes usually require consistent behavior over time. Track simple markers like meal consistency, daily steps, workout completion, sleep quality, cravings, and waist measurements instead of focusing only on the scale. If a product helps you stay consistent, it may be useful even when progress is gradual.

## Practical example
A realistic plan might look like this: take the supplement according to the label, eat a protein-forward breakfast, walk for ten minutes after lunch, drink water before snacks, and keep caffeine earlier in the day. This plan is not dramatic, but it is repeatable. Repeatability is where many wellness plans become powerful. Small actions that happen daily often create better outcomes than intense plans that last only one week.

## Key takeaway
The best supplement is the one that fits your goals, your schedule, and your tolerance. For safe supplement selection, choose transparent formulas, avoid exaggerated promises, and build a routine around food, movement, sleep, and hydration. Supplements can be valuable tools, but they are still tools. Use them with patience, compare products carefully, and prioritize choices that support long-term wellness rather than short-term pressure.

## Final thoughts
When comparing products for safe supplement selection, keep the decision grounded in your real daily life. A supplement should make the next healthy action easier, whether that means preparing a better breakfast, moving more consistently, managing cravings, or feeling more prepared for workouts. The strongest approach is steady and repeatable: choose a formula with transparent ingredients, use it as directed, monitor how you feel, and keep improving the habits around it. If a product does not fit your schedule, budget, tolerance, or goals, it is not the right product for you, even if it looks popular online. Important note: This article is for educational purposes only and is not medical advice. Dietary supplements are not intended to diagnose, treat, cure, or prevent disease. Results vary from person to person, and a healthcare professional can help you decide whether a product is appropriate for your personal situation."
Metabolism Support Guide for Beginners,metabolism-support-guide-beginners,https://auzapxutkteykldxhyyq.supabase.co/storage/v1/object/public/category-images/categories/62456d36-b074-4f3b-8277-456274cd5c79-hero-supplements.webp,9 min,f86b66ac-1ba8-49d2-b121-ede3819f1a1e,metabolism; beginners guide; weight loss; energy; daily wellness,published,Metabolism Support Guide for Beginners,metabolism support; beginner weight loss guide; metabolism supplements; healthy energy support,"A beginner-friendly guide to metabolism support, including supplement ingredients, daily habits, energy balance, and realistic expectations.","New to metabolism support? Learn the basics of how supplements, food, movement, sleep, and consistency work together.","## Introduction
Weight loss supplements are most useful when they support a thoughtful routine rather than replacing one. A well chosen product can make a wellness plan feel easier to follow by supporting energy, fullness, digestion, or metabolism, but it still works best beside food quality, movement, sleep, hydration, and realistic planning. This guide focuses on beginner metabolism support and explains how to think about formulas in a calm, practical way. The goal is not to promise dramatic overnight change. The goal is to help you compare products, understand labels, and build a routine that is easier to repeat.

## Why this topic matters
Many shoppers begin with a single goal, but weight management is rarely controlled by one factor. Appetite, stress, meal timing, protein intake, daily steps, workout recovery, sleep quality, digestion, and caffeine tolerance all influence progress. That is why explaining metabolism in simple language and connecting supplements to everyday habits. A premium supplement should make the larger plan simpler, not more confusing. If a label hides key details, leans on unrealistic language, or encourages extreme behavior, it is usually worth slowing down before purchasing.

## Ingredients to understand
Common formulas in this category may include B vitamins, green tea extract, coffee bean extract, chromium, magnesium, and adaptogenic plant extracts. These ingredients appear in different strengths and combinations, so the label matters. Look for clear serving sizes, transparent blends, and usage directions that match your lifestyle. Natural does not automatically mean gentle for every person. Caffeine, herbs, minerals, and fiber can affect people differently depending on medication use, digestive sensitivity, sleep habits, and total daily intake from food or drinks.

## What a good formula can support
A strong weight management formula usually has a narrow and believable purpose. Some products are built for energy and thermogenic support. Others focus on appetite control, digestive regularity, nutrient support, or workout consistency. The best choice depends on the problem you are trying to solve. If the hardest part of your routine is evening cravings, a high-stimulant product may not be the answer. If low energy keeps you from training, an appetite-only product may feel incomplete.

## Daily routine checklist
Supplements work best when the daily routine is clear. For this topic, a smart baseline includes eating enough protein, keeping a regular sleep schedule, strength training, walking after meals, and staying hydrated. These habits are simple, but they create the environment where supplement support can actually be noticed. A product cannot compensate for skipped meals, poor sleep, or inconsistent movement forever. Start with one or two habits that are easy to repeat, then add the supplement as a structured support tool.

## How to read the label
Read the supplement facts panel before the sales page. Check serving size, caffeine amount, ingredient form, suggested timing, warnings, and whether the brand explains why each ingredient is included. Be careful with proprietary blends that hide individual amounts. Also compare the product to your current routine. If you already drink several coffees each day, a stimulant-heavy formula may push you past your comfort zone. If you eat very little fiber, a fiber-based product may need a slow introduction.

## Who should be cautious
People who are pregnant, nursing, under medical care, taking prescription medication, sensitive to stimulants, or managing a health condition should speak with a qualified professional before using weight loss supplements. This is especially important with products that contain caffeine, concentrated herbs, minerals, or ingredients that may affect digestion. Responsible supplementation means paying attention to your body and stopping use if a product causes discomfort, sleep disruption, unusual symptoms, or persistent digestive issues.

## Buying criteria
A premium product should be easy to evaluate. Look for a clean product page, clear ingredient information, realistic claims, manufacturing quality signals, contact details, refund information, and a brand that explains intended use. Reviews can be helpful, but they should not replace label review. Avoid judging a product only by before-and-after claims. Better buying decisions come from matching the formula to your actual routine, your tolerance, and the specific barrier you want help with.

## Expected timeline
Weight management is best measured over weeks and months, not a few days. Some users notice energy or appetite changes quickly, while body composition and weight changes usually require consistent behavior over time. Track simple markers like meal consistency, daily steps, workout completion, sleep quality, cravings, and waist measurements instead of focusing only on the scale. If a product helps you stay consistent, it may be useful even when progress is gradual.

## Practical example
A realistic plan might look like this: take the supplement according to the label, eat a protein-forward breakfast, walk for ten minutes after lunch, drink water before snacks, and keep caffeine earlier in the day. This plan is not dramatic, but it is repeatable. Repeatability is where many wellness plans become powerful. Small actions that happen daily often create better outcomes than intense plans that last only one week.

## Key takeaway
The best supplement is the one that fits your goals, your schedule, and your tolerance. For beginner metabolism support, choose transparent formulas, avoid exaggerated promises, and build a routine around food, movement, sleep, and hydration. Supplements can be valuable tools, but they are still tools. Use them with patience, compare products carefully, and prioritize choices that support long-term wellness rather than short-term pressure.

## Final thoughts
When comparing products for beginner metabolism support, keep the decision grounded in your real daily life. A supplement should make the next healthy action easier, whether that means preparing a better breakfast, moving more consistently, managing cravings, or feeling more prepared for workouts. The strongest approach is steady and repeatable: choose a formula with transparent ingredients, use it as directed, monitor how you feel, and keep improving the habits around it. If a product does not fit your schedule, budget, tolerance, or goals, it is not the right product for you, even if it looks popular online. Important note: This article is for educational purposes only and is not medical advice. Dietary supplements are not intended to diagnose, treat, cure, or prevent disease. Results vary from person to person, and a healthcare professional can help you decide whether a product is appropriate for your personal situation."
Appetite Control Supplements and Daily Habits,appetite-control-supplements-daily-habits,https://auzapxutkteykldxhyyq.supabase.co/storage/v1/object/public/category-images/categories/62456d36-b074-4f3b-8277-456274cd5c79-hero-supplements.webp,8 min,f86b66ac-1ba8-49d2-b121-ede3819f1a1e,appetite control; cravings; weight management; fiber; wellness habits,published,Appetite Control Supplements and Daily Habits,appetite control supplements; craving support; fiber supplements; weight management habits,"Discover appetite control supplements and daily habits that may support fullness, cravings, balanced meals, and healthier weight management.",Learn how appetite support formulas and simple daily habits can help make weight management feel more structured and sustainable.,"## Introduction
Weight loss supplements are most useful when they support a thoughtful routine rather than replacing one. A well chosen product can make a wellness plan feel easier to follow by supporting energy, fullness, digestion, or metabolism, but it still works best beside food quality, movement, sleep, hydration, and realistic planning. This guide focuses on appetite and craving support and explains how to think about formulas in a calm, practical way. The goal is not to promise dramatic overnight change. The goal is to help you compare products, understand labels, and build a routine that is easier to repeat.

## Why this topic matters
Many shoppers begin with a single goal, but weight management is rarely controlled by one factor. Appetite, stress, meal timing, protein intake, daily steps, workout recovery, sleep quality, digestion, and caffeine tolerance all influence progress. That is why using fullness-focused strategies without relying on harsh or extreme approaches. A premium supplement should make the larger plan simpler, not more confusing. If a label hides key details, leans on unrealistic language, or encourages extreme behavior, it is usually worth slowing down before purchasing.

## Ingredients to understand
Common formulas in this category may include glucomannan, psyllium husk, protein support, chromium, green tea, cinnamon extract, and hydration-friendly minerals. These ingredients appear in different strengths and combinations, so the label matters. Look for clear serving sizes, transparent blends, and usage directions that match your lifestyle. Natural does not automatically mean gentle for every person. Caffeine, herbs, minerals, and fiber can affect people differently depending on medication use, digestive sensitivity, sleep habits, and total daily intake from food or drinks.

## What a good formula can support
A strong weight management formula usually has a narrow and believable purpose. Some products are built for energy and thermogenic support. Others focus on appetite control, digestive regularity, nutrient support, or workout consistency. The best choice depends on the problem you are trying to solve. If the hardest part of your routine is evening cravings, a high-stimulant product may not be the answer. If low energy keeps you from training, an appetite-only product may feel incomplete.

## Daily routine checklist
Supplements work best when the daily routine is clear. For this topic, a smart baseline includes front-loading protein, adding fiber, planning snacks, drinking water before meals, and improving evening sleep routines. These habits are simple, but they create the environment where supplement support can actually be noticed. A product cannot compensate for skipped meals, poor sleep, or inconsistent movement forever. Start with one or two habits that are easy to repeat, then add the supplement as a structured support tool.

## How to read the label
Read the supplement facts panel before the sales page. Check serving size, caffeine amount, ingredient form, suggested timing, warnings, and whether the brand explains why each ingredient is included. Be careful with proprietary blends that hide individual amounts. Also compare the product to your current routine. If you already drink several coffees each day, a stimulant-heavy formula may push you past your comfort zone. If you eat very little fiber, a fiber-based product may need a slow introduction.

## Who should be cautious
People who are pregnant, nursing, under medical care, taking prescription medication, sensitive to stimulants, or managing a health condition should speak with a qualified professional before using weight loss supplements. This is especially important with products that contain caffeine, concentrated herbs, minerals, or ingredients that may affect digestion. Responsible supplementation means paying attention to your body and stopping use if a product causes discomfort, sleep disruption, unusual symptoms, or persistent digestive issues.

## Buying criteria
A premium product should be easy to evaluate. Look for a clean product page, clear ingredient information, realistic claims, manufacturing quality signals, contact details, refund information, and a brand that explains intended use. Reviews can be helpful, but they should not replace label review. Avoid judging a product only by before-and-after claims. Better buying decisions come from matching the formula to your actual routine, your tolerance, and the specific barrier you want help with.

## Expected timeline
Weight management is best measured over weeks and months, not a few days. Some users notice energy or appetite changes quickly, while body composition and weight changes usually require consistent behavior over time. Track simple markers like meal consistency, daily steps, workout completion, sleep quality, cravings, and waist measurements instead of focusing only on the scale. If a product helps you stay consistent, it may be useful even when progress is gradual.

## Practical example
A realistic plan might look like this: take the supplement according to the label, eat a protein-forward breakfast, walk for ten minutes after lunch, drink water before snacks, and keep caffeine earlier in the day. This plan is not dramatic, but it is repeatable. Repeatability is where many wellness plans become powerful. Small actions that happen daily often create better outcomes than intense plans that last only one week.

## Key takeaway
The best supplement is the one that fits your goals, your schedule, and your tolerance. For appetite and craving support, choose transparent formulas, avoid exaggerated promises, and build a routine around food, movement, sleep, and hydration. Supplements can be valuable tools, but they are still tools. Use them with patience, compare products carefully, and prioritize choices that support long-term wellness rather than short-term pressure.

## Final thoughts
When comparing products for appetite and craving support, keep the decision grounded in your real daily life. A supplement should make the next healthy action easier, whether that means preparing a better breakfast, moving more consistently, managing cravings, or feeling more prepared for workouts. The strongest approach is steady and repeatable: choose a formula with transparent ingredients, use it as directed, monitor how you feel, and keep improving the habits around it. If a product does not fit your schedule, budget, tolerance, or goals, it is not the right product for you, even if it looks popular online. Important note: This article is for educational purposes only and is not medical advice. Dietary supplements are not intended to diagnose, treat, cure, or prevent disease. Results vary from person to person, and a healthcare professional can help you decide whether a product is appropriate for your personal situation."
Weight Management Supplements for Busy Adults,weight-management-supplements-busy-adults,https://auzapxutkteykldxhyyq.supabase.co/storage/v1/object/public/category-images/categories/62456d36-b074-4f3b-8277-456274cd5c79-hero-supplements.webp,7 min,f86b66ac-1ba8-49d2-b121-ede3819f1a1e,busy adults; weight management; supplements; healthy routine; meal planning,published,Weight Management Supplements for Busy Adults,weight management supplements; supplements for busy adults; healthy weight routine; metabolism support,"A practical guide to weight management supplements for busy adults who want simple routines, steady energy, and realistic wellness support.",Busy schedule? This guide explains how to choose simple weight management supplements that fit real life without adding stress.,"## Introduction
Weight loss supplements are most useful when they support a thoughtful routine rather than replacing one. A well chosen product can make a wellness plan feel easier to follow by supporting energy, fullness, digestion, or metabolism, but it still works best beside food quality, movement, sleep, hydration, and realistic planning. This guide focuses on simple weight management for busy schedules and explains how to think about formulas in a calm, practical way. The goal is not to promise dramatic overnight change. The goal is to help you compare products, understand labels, and build a routine that is easier to repeat.

## Why this topic matters
Many shoppers begin with a single goal, but weight management is rarely controlled by one factor. Appetite, stress, meal timing, protein intake, daily steps, workout recovery, sleep quality, digestion, and caffeine tolerance all influence progress. That is why keeping routines easy enough to follow during workdays, travel, and family commitments. A premium supplement should make the larger plan simpler, not more confusing. If a label hides key details, leans on unrealistic language, or encourages extreme behavior, it is usually worth slowing down before purchasing.

## Ingredients to understand
Common formulas in this category may include green tea extract, coffee bean extract, electrolytes, fiber, protein support, chromium, and gentle adaptogens. These ingredients appear in different strengths and combinations, so the label matters. Look for clear serving sizes, transparent blends, and usage directions that match your lifestyle. Natural does not automatically mean gentle for every person. Caffeine, herbs, minerals, and fiber can affect people differently depending on medication use, digestive sensitivity, sleep habits, and total daily intake from food or drinks.

## What a good formula can support
A strong weight management formula usually has a narrow and believable purpose. Some products are built for energy and thermogenic support. Others focus on appetite control, digestive regularity, nutrient support, or workout consistency. The best choice depends on the problem you are trying to solve. If the hardest part of your routine is evening cravings, a high-stimulant product may not be the answer. If low energy keeps you from training, an appetite-only product may feel incomplete.

## Daily routine checklist
Supplements work best when the daily routine is clear. For this topic, a smart baseline includes preparing easy meals, setting supplement reminders, walking between tasks, improving breakfast quality, and protecting sleep. These habits are simple, but they create the environment where supplement support can actually be noticed. A product cannot compensate for skipped meals, poor sleep, or inconsistent movement forever. Start with one or two habits that are easy to repeat, then add the supplement as a structured support tool.

## How to read the label
Read the supplement facts panel before the sales page. Check serving size, caffeine amount, ingredient form, suggested timing, warnings, and whether the brand explains why each ingredient is included. Be careful with proprietary blends that hide individual amounts. Also compare the product to your current routine. If you already drink several coffees each day, a stimulant-heavy formula may push you past your comfort zone. If you eat very little fiber, a fiber-based product may need a slow introduction.

## Who should be cautious
People who are pregnant, nursing, under medical care, taking prescription medication, sensitive to stimulants, or managing a health condition should speak with a qualified professional before using weight loss supplements. This is especially important with products that contain caffeine, concentrated herbs, minerals, or ingredients that may affect digestion. Responsible supplementation means paying attention to your body and stopping use if a product causes discomfort, sleep disruption, unusual symptoms, or persistent digestive issues.

## Buying criteria
A premium product should be easy to evaluate. Look for a clean product page, clear ingredient information, realistic claims, manufacturing quality signals, contact details, refund information, and a brand that explains intended use. Reviews can be helpful, but they should not replace label review. Avoid judging a product only by before-and-after claims. Better buying decisions come from matching the formula to your actual routine, your tolerance, and the specific barrier you want help with.

## Expected timeline
Weight management is best measured over weeks and months, not a few days. Some users notice energy or appetite changes quickly, while body composition and weight changes usually require consistent behavior over time. Track simple markers like meal consistency, daily steps, workout completion, sleep quality, cravings, and waist measurements instead of focusing only on the scale. If a product helps you stay consistent, it may be useful even when progress is gradual.

## Practical example
A realistic plan might look like this: take the supplement according to the label, eat a protein-forward breakfast, walk for ten minutes after lunch, drink water before snacks, and keep caffeine earlier in the day. This plan is not dramatic, but it is repeatable. Repeatability is where many wellness plans become powerful. Small actions that happen daily often create better outcomes than intense plans that last only one week.

## Key takeaway
The best supplement is the one that fits your goals, your schedule, and your tolerance. For simple weight management for busy schedules, choose transparent formulas, avoid exaggerated promises, and build a routine around food, movement, sleep, and hydration. Supplements can be valuable tools, but they are still tools. Use them with patience, compare products carefully, and prioritize choices that support long-term wellness rather than short-term pressure.

## Final thoughts
When comparing products for simple weight management for busy schedules, keep the decision grounded in your real daily life. A supplement should make the next healthy action easier, whether that means preparing a better breakfast, moving more consistently, managing cravings, or feeling more prepared for workouts. The strongest approach is steady and repeatable: choose a formula with transparent ingredients, use it as directed, monitor how you feel, and keep improving the habits around it. If a product does not fit your schedule, budget, tolerance, or goals, it is not the right product for you, even if it looks popular online. Important note: This article is for educational purposes only and is not medical advice. Dietary supplements are not intended to diagnose, treat, cure, or prevent disease. Results vary from person to person, and a healthcare professional can help you decide whether a product is appropriate for your personal situation."
"Green Tea, Caffeine, and Thermogenic Support",green-tea-caffeine-thermogenic-support,https://auzapxutkteykldxhyyq.supabase.co/storage/v1/object/public/category-images/categories/62456d36-b074-4f3b-8277-456274cd5c79-hero-supplements.webp,10 min,f86b66ac-1ba8-49d2-b121-ede3819f1a1e,green tea; caffeine; thermogenic; metabolism; fat burning,published,"Green Tea, Caffeine, and Thermogenic Support",green tea weight loss; caffeine metabolism support; thermogenic supplements; fat burning support,"Explore how green tea, caffeine, and thermogenic ingredients are commonly used in weight loss supplements and how to use them wisely.","A balanced look at green tea, caffeine, and thermogenic support for energy, metabolism, and supplement tolerance.","## Introduction
Weight loss supplements are most useful when they support a thoughtful routine rather than replacing one. A well chosen product can make a wellness plan feel easier to follow by supporting energy, fullness, digestion, or metabolism, but it still works best beside food quality, movement, sleep, hydration, and realistic planning. This guide focuses on thermogenic support with green tea and caffeine and explains how to think about formulas in a calm, practical way. The goal is not to promise dramatic overnight change. The goal is to help you compare products, understand labels, and build a routine that is easier to repeat.

## Why this topic matters
Many shoppers begin with a single goal, but weight management is rarely controlled by one factor. Appetite, stress, meal timing, protein intake, daily steps, workout recovery, sleep quality, digestion, and caffeine tolerance all influence progress. That is why understanding stimulant-based formulas while avoiding overuse and sleep disruption. A premium supplement should make the larger plan simpler, not more confusing. If a label hides key details, leans on unrealistic language, or encourages extreme behavior, it is usually worth slowing down before purchasing.

## Ingredients to understand
Common formulas in this category may include green tea catechins, natural caffeine, coffee bean extract, capsaicin, black pepper extract, and B vitamins. These ingredients appear in different strengths and combinations, so the label matters. Look for clear serving sizes, transparent blends, and usage directions that match your lifestyle. Natural does not automatically mean gentle for every person. Caffeine, herbs, minerals, and fiber can affect people differently depending on medication use, digestive sensitivity, sleep habits, and total daily intake from food or drinks.

## What a good formula can support
A strong weight management formula usually has a narrow and believable purpose. Some products are built for energy and thermogenic support. Others focus on appetite control, digestive regularity, nutrient support, or workout consistency. The best choice depends on the problem you are trying to solve. If the hardest part of your routine is evening cravings, a high-stimulant product may not be the answer. If low energy keeps you from training, an appetite-only product may feel incomplete.

## Daily routine checklist
Supplements work best when the daily routine is clear. For this topic, a smart baseline includes using formulas earlier in the day, limiting total caffeine, eating balanced meals, and watching sleep quality closely. These habits are simple, but they create the environment where supplement support can actually be noticed. A product cannot compensate for skipped meals, poor sleep, or inconsistent movement forever. Start with one or two habits that are easy to repeat, then add the supplement as a structured support tool.

## How to read the label
Read the supplement facts panel before the sales page. Check serving size, caffeine amount, ingredient form, suggested timing, warnings, and whether the brand explains why each ingredient is included. Be careful with proprietary blends that hide individual amounts. Also compare the product to your current routine. If you already drink several coffees each day, a stimulant-heavy formula may push you past your comfort zone. If you eat very little fiber, a fiber-based product may need a slow introduction.

## Who should be cautious
People who are pregnant, nursing, under medical care, taking prescription medication, sensitive to stimulants, or managing a health condition should speak with a qualified professional before using weight loss supplements. This is especially important with products that contain caffeine, concentrated herbs, minerals, or ingredients that may affect digestion. Responsible supplementation means paying attention to your body and stopping use if a product causes discomfort, sleep disruption, unusual symptoms, or persistent digestive issues.

## Buying criteria
A premium product should be easy to evaluate. Look for a clean product page, clear ingredient information, realistic claims, manufacturing quality signals, contact details, refund information, and a brand that explains intended use. Reviews can be helpful, but they should not replace label review. Avoid judging a product only by before-and-after claims. Better buying decisions come from matching the formula to your actual routine, your tolerance, and the specific barrier you want help with.

## Expected timeline
Weight management is best measured over weeks and months, not a few days. Some users notice energy or appetite changes quickly, while body composition and weight changes usually require consistent behavior over time. Track simple markers like meal consistency, daily steps, workout completion, sleep quality, cravings, and waist measurements instead of focusing only on the scale. If a product helps you stay consistent, it may be useful even when progress is gradual.

## Practical example
A realistic plan might look like this: take the supplement according to the label, eat a protein-forward breakfast, walk for ten minutes after lunch, drink water before snacks, and keep caffeine earlier in the day. This plan is not dramatic, but it is repeatable. Repeatability is where many wellness plans become powerful. Small actions that happen daily often create better outcomes than intense plans that last only one week.

## Key takeaway
The best supplement is the one that fits your goals, your schedule, and your tolerance. For thermogenic support with green tea and caffeine, choose transparent formulas, avoid exaggerated promises, and build a routine around food, movement, sleep, and hydration. Supplements can be valuable tools, but they are still tools. Use them with patience, compare products carefully, and prioritize choices that support long-term wellness rather than short-term pressure.

## Final thoughts
When comparing products for thermogenic support with green tea and caffeine, keep the decision grounded in your real daily life. A supplement should make the next healthy action easier, whether that means preparing a better breakfast, moving more consistently, managing cravings, or feeling more prepared for workouts. The strongest approach is steady and repeatable: choose a formula with transparent ingredients, use it as directed, monitor how you feel, and keep improving the habits around it. If a product does not fit your schedule, budget, tolerance, or goals, it is not the right product for you, even if it looks popular online. Important note: This article is for educational purposes only and is not medical advice. Dietary supplements are not intended to diagnose, treat, cure, or prevent disease. Results vary from person to person, and a healthcare professional can help you decide whether a product is appropriate for your personal situation."
Gut Health and Weight Loss: The Supplement Connection,gut-health-weight-loss-supplement-connection,https://auzapxutkteykldxhyyq.supabase.co/storage/v1/object/public/category-images/categories/62456d36-b074-4f3b-8277-456274cd5c79-hero-supplements.webp,11 min,f86b66ac-1ba8-49d2-b121-ede3819f1a1e,gut health; probiotics; weight loss; digestion; microbiome,published,Gut Health and Weight Loss: The Supplement Connection,gut health and weight loss; probiotics for weight management; digestive health supplements; microbiome support,"Learn how gut health supplements, probiotics, fiber, and digestive habits may support a more balanced weight management routine.","See how digestion, fiber, probiotics, and gut-friendly habits can connect with weight management and overall wellness.","## Introduction
Weight loss supplements are most useful when they support a thoughtful routine rather than replacing one. A well chosen product can make a wellness plan feel easier to follow by supporting energy, fullness, digestion, or metabolism, but it still works best beside food quality, movement, sleep, hydration, and realistic planning. This guide focuses on gut health support for weight management and explains how to think about formulas in a calm, practical way. The goal is not to promise dramatic overnight change. The goal is to help you compare products, understand labels, and build a routine that is easier to repeat.

## Why this topic matters
Many shoppers begin with a single goal, but weight management is rarely controlled by one factor. Appetite, stress, meal timing, protein intake, daily steps, workout recovery, sleep quality, digestion, and caffeine tolerance all influence progress. That is why connecting digestion, fullness, routine consistency, and overall wellness instead of focusing only on calories. A premium supplement should make the larger plan simpler, not more confusing. If a label hides key details, leans on unrealistic language, or encourages extreme behavior, it is usually worth slowing down before purchasing.

## Ingredients to understand
Common formulas in this category may include probiotic blends, prebiotic fiber, digestive enzymes, psyllium husk, apple cider vinegar, ginger, and magnesium. These ingredients appear in different strengths and combinations, so the label matters. Look for clear serving sizes, transparent blends, and usage directions that match your lifestyle. Natural does not automatically mean gentle for every person. Caffeine, herbs, minerals, and fiber can affect people differently depending on medication use, digestive sensitivity, sleep habits, and total daily intake from food or drinks.

## What a good formula can support
A strong weight management formula usually has a narrow and believable purpose. Some products are built for energy and thermogenic support. Others focus on appetite control, digestive regularity, nutrient support, or workout consistency. The best choice depends on the problem you are trying to solve. If the hardest part of your routine is evening cravings, a high-stimulant product may not be the answer. If low energy keeps you from training, an appetite-only product may feel incomplete.

## Daily routine checklist
Supplements work best when the daily routine is clear. For this topic, a smart baseline includes adding fermented foods, increasing fiber gradually, drinking water, walking after meals, and keeping meals consistent. These habits are simple, but they create the environment where supplement support can actually be noticed. A product cannot compensate for skipped meals, poor sleep, or inconsistent movement forever. Start with one or two habits that are easy to repeat, then add the supplement as a structured support tool.

## How to read the label
Read the supplement facts panel before the sales page. Check serving size, caffeine amount, ingredient form, suggested timing, warnings, and whether the brand explains why each ingredient is included. Be careful with proprietary blends that hide individual amounts. Also compare the product to your current routine. If you already drink several coffees each day, a stimulant-heavy formula may push you past your comfort zone. If you eat very little fiber, a fiber-based product may need a slow introduction.

## Who should be cautious
People who are pregnant, nursing, under medical care, taking prescription medication, sensitive to stimulants, or managing a health condition should speak with a qualified professional before using weight loss supplements. This is especially important with products that contain caffeine, concentrated herbs, minerals, or ingredients that may affect digestion. Responsible supplementation means paying attention to your body and stopping use if a product causes discomfort, sleep disruption, unusual symptoms, or persistent digestive issues.

## Buying criteria
A premium product should be easy to evaluate. Look for a clean product page, clear ingredient information, realistic claims, manufacturing quality signals, contact details, refund information, and a brand that explains intended use. Reviews can be helpful, but they should not replace label review. Avoid judging a product only by before-and-after claims. Better buying decisions come from matching the formula to your actual routine, your tolerance, and the specific barrier you want help with.

## Expected timeline
Weight management is best measured over weeks and months, not a few days. Some users notice energy or appetite changes quickly, while body composition and weight changes usually require consistent behavior over time. Track simple markers like meal consistency, daily steps, workout completion, sleep quality, cravings, and waist measurements instead of focusing only on the scale. If a product helps you stay consistent, it may be useful even when progress is gradual.

## Practical example
A realistic plan might look like this: take the supplement according to the label, eat a protein-forward breakfast, walk for ten minutes after lunch, drink water before snacks, and keep caffeine earlier in the day. This plan is not dramatic, but it is repeatable. Repeatability is where many wellness plans become powerful. Small actions that happen daily often create better outcomes than intense plans that last only one week.

## Key takeaway
The best supplement is the one that fits your goals, your schedule, and your tolerance. For gut health support for weight management, choose transparent formulas, avoid exaggerated promises, and build a routine around food, movement, sleep, and hydration. Supplements can be valuable tools, but they are still tools. Use them with patience, compare products carefully, and prioritize choices that support long-term wellness rather than short-term pressure.

## Final thoughts
When comparing products for gut health support for weight management, keep the decision grounded in your real daily life. A supplement should make the next healthy action easier, whether that means preparing a better breakfast, moving more consistently, managing cravings, or feeling more prepared for workouts. The strongest approach is steady and repeatable: choose a formula with transparent ingredients, use it as directed, monitor how you feel, and keep improving the habits around it. If a product does not fit your schedule, budget, tolerance, or goals, it is not the right product for you, even if it looks popular online. Important note: This article is for educational purposes only and is not medical advice. Dietary supplements are not intended to diagnose, treat, cure, or prevent disease. Results vary from person to person, and a healthcare professional can help you decide whether a product is appropriate for your personal situation."
Exercise Recovery and Weight Management Supplements,exercise-recovery-weight-management-supplements,https://auzapxutkteykldxhyyq.supabase.co/storage/v1/object/public/category-images/categories/62456d36-b074-4f3b-8277-456274cd5c79-hero-supplements.webp,9 min,f86b66ac-1ba8-49d2-b121-ede3819f1a1e,exercise recovery; weight management; protein; metabolism; fitness supplements,published,Exercise Recovery and Weight Management Supplements,exercise recovery supplements; weight management supplements; protein for weight loss; workout recovery support,"Discover how exercise recovery supplements can support consistency, lean muscle maintenance, energy, and healthy weight management routines.","Recovery matters for weight management. Learn how protein, electrolytes, minerals, and recovery support can help you stay consistent.","## Introduction
Weight loss supplements are most useful when they support a thoughtful routine rather than replacing one. A well chosen product can make a wellness plan feel easier to follow by supporting energy, fullness, digestion, or metabolism, but it still works best beside food quality, movement, sleep, hydration, and realistic planning. This guide focuses on exercise recovery for weight management and explains how to think about formulas in a calm, practical way. The goal is not to promise dramatic overnight change. The goal is to help you compare products, understand labels, and build a routine that is easier to repeat.

## Why this topic matters
Many shoppers begin with a single goal, but weight management is rarely controlled by one factor. Appetite, stress, meal timing, protein intake, daily steps, workout recovery, sleep quality, digestion, and caffeine tolerance all influence progress. That is why supporting consistency, energy, and lean muscle maintenance through smarter recovery habits. A premium supplement should make the larger plan simpler, not more confusing. If a label hides key details, leans on unrealistic language, or encourages extreme behavior, it is usually worth slowing down before purchasing.

## Ingredients to understand
Common formulas in this category may include protein powder, electrolytes, magnesium, creatine, BCAAs, tart cherry, green tea extract, and omega support. These ingredients appear in different strengths and combinations, so the label matters. Look for clear serving sizes, transparent blends, and usage directions that match your lifestyle. Natural does not automatically mean gentle for every person. Caffeine, herbs, minerals, and fiber can affect people differently depending on medication use, digestive sensitivity, sleep habits, and total daily intake from food or drinks.

## What a good formula can support
A strong weight management formula usually has a narrow and believable purpose. Some products are built for energy and thermogenic support. Others focus on appetite control, digestive regularity, nutrient support, or workout consistency. The best choice depends on the problem you are trying to solve. If the hardest part of your routine is evening cravings, a high-stimulant product may not be the answer. If low energy keeps you from training, an appetite-only product may feel incomplete.

## Daily routine checklist
Supplements work best when the daily routine is clear. For this topic, a smart baseline includes planning recovery meals, sleeping enough, strength training, stretching, hydrating, and avoiding all-or-nothing workouts. These habits are simple, but they create the environment where supplement support can actually be noticed. A product cannot compensate for skipped meals, poor sleep, or inconsistent movement forever. Start with one or two habits that are easy to repeat, then add the supplement as a structured support tool.

## How to read the label
Read the supplement facts panel before the sales page. Check serving size, caffeine amount, ingredient form, suggested timing, warnings, and whether the brand explains why each ingredient is included. Be careful with proprietary blends that hide individual amounts. Also compare the product to your current routine. If you already drink several coffees each day, a stimulant-heavy formula may push you past your comfort zone. If you eat very little fiber, a fiber-based product may need a slow introduction.

## Who should be cautious
People who are pregnant, nursing, under medical care, taking prescription medication, sensitive to stimulants, or managing a health condition should speak with a qualified professional before using weight loss supplements. This is especially important with products that contain caffeine, concentrated herbs, minerals, or ingredients that may affect digestion. Responsible supplementation means paying attention to your body and stopping use if a product causes discomfort, sleep disruption, unusual symptoms, or persistent digestive issues.

## Buying criteria
A premium product should be easy to evaluate. Look for a clean product page, clear ingredient information, realistic claims, manufacturing quality signals, contact details, refund information, and a brand that explains intended use. Reviews can be helpful, but they should not replace label review. Avoid judging a product only by before-and-after claims. Better buying decisions come from matching the formula to your actual routine, your tolerance, and the specific barrier you want help with.

## Expected timeline
Weight management is best measured over weeks and months, not a few days. Some users notice energy or appetite changes quickly, while body composition and weight changes usually require consistent behavior over time. Track simple markers like meal consistency, daily steps, workout completion, sleep quality, cravings, and waist measurements instead of focusing only on the scale. If a product helps you stay consistent, it may be useful even when progress is gradual.

## Practical example
A realistic plan might look like this: take the supplement according to the label, eat a protein-forward breakfast, walk for ten minutes after lunch, drink water before snacks, and keep caffeine earlier in the day. This plan is not dramatic, but it is repeatable. Repeatability is where many wellness plans become powerful. Small actions that happen daily often create better outcomes than intense plans that last only one week.

## Key takeaway
The best supplement is the one that fits your goals, your schedule, and your tolerance. For exercise recovery for weight management, choose transparent formulas, avoid exaggerated promises, and build a routine around food, movement, sleep, and hydration. Supplements can be valuable tools, but they are still tools. Use them with patience, compare products carefully, and prioritize choices that support long-term wellness rather than short-term pressure.

## Final thoughts
When comparing products for exercise recovery for weight management, keep the decision grounded in your real daily life. A supplement should make the next healthy action easier, whether that means preparing a better breakfast, moving more consistently, managing cravings, or feeling more prepared for workouts. The strongest approach is steady and repeatable: choose a formula with transparent ingredients, use it as directed, monitor how you feel, and keep improving the habits around it. If a product does not fit your schedule, budget, tolerance, or goals, it is not the right product for you, even if it looks popular online. Important note: This article is for educational purposes only and is not medical advice. Dietary supplements are not intended to diagnose, treat, cure, or prevent disease. Results vary from person to person, and a healthcare professional can help you decide whether a product is appropriate for your personal situation."
Common Weight Loss Supplement Mistakes to Avoid,weight-loss-supplement-mistakes-avoid,https://auzapxutkteykldxhyyq.supabase.co/storage/v1/object/public/category-images/categories/62456d36-b074-4f3b-8277-456274cd5c79-hero-supplements.webp,8 min,f86b66ac-1ba8-49d2-b121-ede3819f1a1e,weight loss mistakes; supplement guide; safety; metabolism; wellness,published,Common Weight Loss Supplement Mistakes to Avoid,weight loss supplement mistakes; supplement safety tips; fat burner mistakes; weight management advice,"Avoid common weight loss supplement mistakes by learning how to read labels, set expectations, manage caffeine, and build supportive habits.","Before buying another formula, review the most common weight loss supplement mistakes and how to make better choices.","## Introduction
Weight loss supplements are most useful when they support a thoughtful routine rather than replacing one. A well chosen product can make a wellness plan feel easier to follow by supporting energy, fullness, digestion, or metabolism, but it still works best beside food quality, movement, sleep, hydration, and realistic planning. This guide focuses on avoiding supplement mistakes and explains how to think about formulas in a calm, practical way. The goal is not to promise dramatic overnight change. The goal is to help you compare products, understand labels, and build a routine that is easier to repeat.

## Why this topic matters
Many shoppers begin with a single goal, but weight management is rarely controlled by one factor. Appetite, stress, meal timing, protein intake, daily steps, workout recovery, sleep quality, digestion, and caffeine tolerance all influence progress. That is why helping readers make calmer, better-informed decisions before buying or stacking products. A premium supplement should make the larger plan simpler, not more confusing. If a label hides key details, leans on unrealistic language, or encourages extreme behavior, it is usually worth slowing down before purchasing.

## Ingredients to understand
Common formulas in this category may include transparent labels, moderate caffeine, fiber, chromium, green tea, protein support, and clear serving instructions. These ingredients appear in different strengths and combinations, so the label matters. Look for clear serving sizes, transparent blends, and usage directions that match your lifestyle. Natural does not automatically mean gentle for every person. Caffeine, herbs, minerals, and fiber can affect people differently depending on medication use, digestive sensitivity, sleep habits, and total daily intake from food or drinks.

## What a good formula can support
A strong weight management formula usually has a narrow and believable purpose. Some products are built for energy and thermogenic support. Others focus on appetite control, digestive regularity, nutrient support, or workout consistency. The best choice depends on the problem you are trying to solve. If the hardest part of your routine is evening cravings, a high-stimulant product may not be the answer. If low energy keeps you from training, an appetite-only product may feel incomplete.

## Daily routine checklist
Supplements work best when the daily routine is clear. For this topic, a smart baseline includes choosing one product at a time, avoiding extreme claims, tracking tolerance, and staying consistent with meals and movement. These habits are simple, but they create the environment where supplement support can actually be noticed. A product cannot compensate for skipped meals, poor sleep, or inconsistent movement forever. Start with one or two habits that are easy to repeat, then add the supplement as a structured support tool.

## How to read the label
Read the supplement facts panel before the sales page. Check serving size, caffeine amount, ingredient form, suggested timing, warnings, and whether the brand explains why each ingredient is included. Be careful with proprietary blends that hide individual amounts. Also compare the product to your current routine. If you already drink several coffees each day, a stimulant-heavy formula may push you past your comfort zone. If you eat very little fiber, a fiber-based product may need a slow introduction.

## Who should be cautious
People who are pregnant, nursing, under medical care, taking prescription medication, sensitive to stimulants, or managing a health condition should speak with a qualified professional before using weight loss supplements. This is especially important with products that contain caffeine, concentrated herbs, minerals, or ingredients that may affect digestion. Responsible supplementation means paying attention to your body and stopping use if a product causes discomfort, sleep disruption, unusual symptoms, or persistent digestive issues.

## Buying criteria
A premium product should be easy to evaluate. Look for a clean product page, clear ingredient information, realistic claims, manufacturing quality signals, contact details, refund information, and a brand that explains intended use. Reviews can be helpful, but they should not replace label review. Avoid judging a product only by before-and-after claims. Better buying decisions come from matching the formula to your actual routine, your tolerance, and the specific barrier you want help with.

## Expected timeline
Weight management is best measured over weeks and months, not a few days. Some users notice energy or appetite changes quickly, while body composition and weight changes usually require consistent behavior over time. Track simple markers like meal consistency, daily steps, workout completion, sleep quality, cravings, and waist measurements instead of focusing only on the scale. If a product helps you stay consistent, it may be useful even when progress is gradual.

## Practical example
A realistic plan might look like this: take the supplement according to the label, eat a protein-forward breakfast, walk for ten minutes after lunch, drink water before snacks, and keep caffeine earlier in the day. This plan is not dramatic, but it is repeatable. Repeatability is where many wellness plans become powerful. Small actions that happen daily often create better outcomes than intense plans that last only one week.

## Key takeaway
The best supplement is the one that fits your goals, your schedule, and your tolerance. For avoiding supplement mistakes, choose transparent formulas, avoid exaggerated promises, and build a routine around food, movement, sleep, and hydration. Supplements can be valuable tools, but they are still tools. Use them with patience, compare products carefully, and prioritize choices that support long-term wellness rather than short-term pressure.

## Final thoughts
When comparing products for avoiding supplement mistakes, keep the decision grounded in your real daily life. A supplement should make the next healthy action easier, whether that means preparing a better breakfast, moving more consistently, managing cravings, or feeling more prepared for workouts. The strongest approach is steady and repeatable: choose a formula with transparent ingredients, use it as directed, monitor how you feel, and keep improving the habits around it. If a product does not fit your schedule, budget, tolerance, or goals, it is not the right product for you, even if it looks popular online. Important note: This article is for educational purposes only and is not medical advice. Dietary supplements are not intended to diagnose, treat, cure, or prevent disease. Results vary from person to person, and a healthcare professional can help you decide whether a product is appropriate for your personal situation."
